function_id,status,automated_evidence,browser_evidence,deployment
SALE-API,ВЫПОЛНЕНО,"backend rows/count predicate tests; type-check; build","deterministic catalog fixture",not deployed
SALE-UI,ВЫПОЛНЕНО,"frontend full tests; lint; build","Chrome 1440x900; 768x1024; 390x844; 360x800",not deployed
STORE-MOBILE-MENU,ВЫПОЛНЕНО (local),"Playwright desktop/mobile 6/6; security policy 48/48","DevTools light/dark phone/tablet; keyboard, query, locale, routes and safe guest redirect","local clone only; not deployed"
PRODUCT-FINAL-SAVE,ВЫПОЛНЕНО,"backend missing-key/replay/conflict tests; admin full tests; builds","Chrome step navigation 0 writes; final action exactly 1 write",not deployed
ADMIN-SIDEBAR,ВЫПОЛНЕНО,"Playwright Chromium desktop/mobile 2/2 applicable scenarios; admin Vitest 69/69; TypeScript/build pass","1440x900 desktop collapse/resize/reload/contrast/locales; 390x844 mobile open/Escape/button close/overflow",not deployed
ADMIN-IMPORT-DETAILS,ЧАСТИЧНО,"Parser contract 27/27; backend parser-import/commerce routes 31/31","Desktop/mobile Chromium uses run-scoped memory data and loopback API interception to show source snapshot, attributes, variants and country","real backend persisted row not verified"
ADMIN-IMPORT-APPROVE-DRAFT,ЧАСТИЧНО,"Parser contract 27/27; backend parser-import/commerce routes 31/31","Desktop/mobile import review asserts intercepted RU/UZ/EN, CN, UZS and publish=false payload; queue moves to approved","PostgreSQL product/import/audit writes and concurrency not verified"
ADMIN-IMPORT-REJECT,ЧАСТИЧНО,"Backend commerce route tests cover review decision guards","Desktop/mobile rejects with required reason via loopback interception and shows it in rejected queue; run-scoped map cleared","PostgreSQL rejection/audit persistence not verified"
TG-RETRY,ЧАСТИЧНО,"10/10 publication tests; same-record 429 retry; message ID persisted; ambiguous delivery blocked","authorized real Telegram test not run",not deployed
AUTH-PHONE,ВЫПОЛНЕНО,"shared protected field; 5 helper/component tests; canonical E.164 payloads","Chrome login register forgot at 390px",not deployed
AUTH-RETURN-LOGIN,ЧАСТИЧНО,"safe navigation tests 18/18; Google OAuth now uses same-locale validated destination and blocks open redirects/auth loops","controlled invalid→success OTP in Playwright desktop/mobile returns to exact /ru/catalog?category=shoes&page=2; no SMS sent",not deployed
FR-ROTATE,ЧАСТИЧНО,"clamp helper tests; frontend 168/168; production build; Playwright desktop+mobile 2/2","fresh loopback GLB fixture; rotation, reset, layer add/remove, totals, and close pass at 1440x900 and 390x844; mobile Chromium touch rotates the GLB and vertical touch scrolls dialog content; DevTools confirms full mobile mannequin framing; authenticated cart and physical-device GPU/touch remain",not deployed
FR-TOUCH-ROTATE,ВЫПОЛНЕНО локально,"Playwright mobile-chromium fitting-room E2E","CDP touchStart/move/end rotates the local GLB; front control resets to 0 degrees",not deployed
FR-TOUCH-SCROLL,ВЫПОЛНЕНО локально,"Playwright mobile-chromium fitting-room E2E","vertical CDP touch advances dialog inner scroll while model angle stays at 0 degrees",not deployed
FR-MANNEQUIN-FRAME,ВЫПОЛНЕНО локально,"frontend 168/168; production build; Playwright desktop/mobile 2/2","Chrome DevTools 390x844 screenshot shows full mannequin above bottom rotation controls",not deployed
GLB-REVIEW,ЧАСТИЧНО,"fitting-room routes require SUPER_ADMIN/ADMIN/MODERATOR; reject reason and audit transaction tested; unapproved public access denied; GLB size/mesh/accessor/extension limits tested; backend full suite 349/349 and type-check/build pass","Chrome local fixture approve/reject and reason rendered; Playwright desktop+mobile UI upload sends multipart GLB (>100 bytes) to loopback fixture, returns NEEDS_REVIEW, then approve updates to APPROVED; persistent DB/audit and storage ACL pending",not deployed
GPU-WORKER,ЗАБЛОКИРОВАНО,"unavailable status is explicit","licensed model and compatible GPU worker unavailable",not deployed
PRODUCT-ARTICLE-UID,ЧАСТИЧНО,"readable AVR-15-digit formatter, collision handling, legacyPublicId migration and API alias lookup implemented; backend route/rules tests pass","local fixture redirects legacy slug to AVR-000000000000001 on desktop/mobile","migration not applied; isolated PostgreSQL sequence and old-ID lookup persistence unverified; not deployed"
PRODUCT-COLOR-NAME,ВЫПОЛНЕНО локально,"localized ru/uz/en color names, hex swatches and available-variant selection in ProductVariantSelector; AddToCart tests pass","product-detail-metadata Playwright desktop/mobile 2/2 selects dark blue and verifies selected text; no overflow","local clone only; not deployed"
PRODUCT-COMPOSITION-CARE,ЧАСТИЧНО,"admin localized fields, backend schema/create/update merge and product detail rendering implemented; admin 18/18 and backend commerce 75/75 focused tests pass","product-detail-metadata Playwright desktop/mobile 2/2 renders localized composition and care from fixture attributes","save/reload with isolated PostgreSQL-backed admin session unverified; not deployed"
PRODUCT-PURCHASE-ROW,ВЫПОЛНЕНО локально,"quantity and primary sign-in/add action share a responsive purchase row","product-detail-metadata Playwright desktop/mobile 2/2 verifies horizontal placement, vertical overlap and document width","unauthenticated fixture shows sign-in; authenticated cart add not tested; not deployed"
