ID,Expected result,Components/API,Acceptance scenario,Environment,Status,Evidence,Remaining work
R01,"Every route, form and action has a stable ID and acceptance scenario","frontend,admin,security tests","discover routes and controls; compare with manifests; exercise direct entry, UI navigation, reload, back, states and permissions","source + local browser","ЧАСТИЧНО","docs/ROUTE_INVENTORY.md; docs/UI_QA_MATRIX.csv; HOME-EMPTY-SHELVES and six STORE-MOBILE-MENU action IDs have desktop/mobile Playwright coverage; fresh local SUPER_ADMIN smoke: 25 actual admin routes × desktop 1440x900, tablet 768x1024, mobile 390x844","finish all storefront/admin route/action IDs, state/role variants, direct and in-app history paths; current admin route render does not prove each business action"
R02,"Reproducible isolated environment with fixtures and cleanup","backend,frontend,admin,Redis,PostgreSQL,security tests","seed run-scoped users/products/variants/orders/imports/GLB; run mutations; clean only run data","local test","НЕ ПРОВЕРЕНО","repository scripts inspected; current host check: Docker CLI unavailable and loopback PostgreSQL 5432/Redis 6379 both refused","add isolated orchestrator, run-scoped fixtures and production-baseURL guard; rerun when disposable services are available"
R03,"Storefront has coherent QLO-level composition without copying content","frontend","same-page screenshots and interactions at 1440x900, 768x1024, 390x844 and 360x800","production read-only + local","ЧАСТИЧНО","QLO_COMPARE: live QLO catalog inspected in Chrome; local 360x800 product detail renders composition/care from attributes; product-detail-metadata Playwright passes desktop/mobile 2/2; 2026-10-10 manual-product contract now writes localized composition/care to Prisma attributes and admin create/edit form sends RU/UZ/EN; backend targeted tests 63/63, admin suite 62/62 and admin production build pass","authenticated form save/reload and production repair of existing incomplete records remain; finish shared surfaces, real image/media review, and browser checks for all remaining pages/viewports"
R04,"Home shelves remain distinct and every View all link reflects its shelf","frontend,backend GET /products","sale link returns only discounted products with correct count and pagination","local integration + browser","ЧАСТИЧНО","backend 57/57 targeted tests; frontend 143/143 tests; sale flow at 1440/768/390/360; empty newest/sale/popular states and correct View all destinations pass desktop 1440x900 and mobile 390x844 Playwright; SALE-API/SALE-UI pass fixture verification","sale path complete locally; live/deployed acceptance and persisted data behavior remain"
R05,"Catalog covers support crop/focal preview while originals remain available","frontend,admin,backend,media model","select crop/focal point in admin; card uses cover; gallery uses original; empty/error states differ","local integration + browser","ЧАСТИЧНО РЕАЛИЗОВАНО","docs/QLO_COMPARISON.md","metadata schema, API, admin original upload, and card crop implemented; DB migration/runtime persistence and authenticated browser reopen acceptance pending"
R06,"Gallery controls, zoom, Escape, focus and scroll work accessibly","frontend product detail + security E2E","keyboard/touch/mouse exercise prev/next, zoom/reset, close and focus restore","component tests + Chrome loopback desktop/mobile E2E","ЧАСТИЧНО","ProductGallery tests 6/6 cover labeled controls, thumbnails, swipe, zoom/wheel/pinch, Escape, focus trap, opener restoration and body overflow; Chrome manually verified open, 150%, next 2/2, Escape and focus restore; Playwright desktop/mobile 2/2 passed and saved zoom screenshots","gallery action-manifest coverage, 768/390/360 viewport checks, touch/pan behavior and keyboard reset/zoom boundaries"
R07,"Normalized sizes/colors resolve to one valid variant and real stock","frontend,admin,backend","duplicate labels normalize; invalid combinations disable; selected image/price/variantId match","admin/backend unit + isolated browser fixture; database acceptance pending","ЧАСТИЧНО","Admin sends canonical sizes[] on create/edit; helper test 7/7; backend PUT regression proves size-only edits create deduplicated M/L variants and do not mirror variant stock to product; backend route tests 26/26 and full API suite 350/350 before final equivalent normalization refinement","test-only PostgreSQL/Redis fixture, browser-persisted matrix, selected-variant price/image, authoritative checkout and stock-claim journey"
R08,"Compact quantity and CTA keep product layout height stable","frontend","guest and customer select variant/quantity; login returns to product; add to outfit works","local browser","ЧАСТИЧНО","components/commerce/AddToCart.tsx","Known positive stock now displays only localized In stock/Mavjud/В наличии; exact stock count and low-stock urgency removed. Redundant selected color-size summary removed; choice names remain in option legends. AddToCart + ProductVariantSelector tests 12/12; clean production build and TypeScript pass. Compact geometry/authenticated browser/cart verification still incomplete."
R09,"UZS formatting and discount math are consistent everywhere","frontend,admin,backend,Telegram","edit/paste/caret prices and compare card/detail/cart/order/outfit/Telegram output","local integration + browser","ЧАСТИЧНО","Shared frontend lib/price.ts now calculates displayed discounts consistently and caps a rounded result at 99% when sale price is positive; 28 focused price/card/cart tests, ESLint and tsc pass. Current isolated production build/fixture in Chrome DevTools showed 99.8% as 99%, no 100% badge, correct ordinary/no-sale prices, and no repeated product across homepage shelves at measured 1600x1000 with no horizontal overflow. Read-only live inspection still shows legacy 90-100% badges; fix remains unreleased.","Authenticated cart/order end-to-end reprice and Telegram customer display journey still need full cross-service acceptance; legacy production badges require safe release of the frontend fix after normal gates"
R10,"Uzbek phone input preserves +998 and submits canonical E.164","frontend auth/profile/checkout,backend auth","type, paste, selection and caret cannot remove prefix; server receives +998XXXXXXXXX","local integration + browser","ЧАСТИЧНО","shared protected field in login/register/forgot/Google/checkout; 7 helper/component tests; controlled OTP checkout E2E captures canonical +998901234567 on desktop/mobile; unsupported +1/0044 paste is rejected without changing the value; Playwright registration recovery passes desktop and mobile Chromium","authenticated Google and real backend request capture remain"
R11,"Login/register forms scroll, validate and expose errors without clipped actions","frontend auth,backend auth/SMS","success, invalid, rate limit, retry, keyboard and short viewport cases","loopback browser + backend OTP unit tests","ЧАСТИЧНО","Chrome/Playwright desktop+mobile verifies SMS-unavailable state, protected +998 prefix, disabled submission, mismatched-password no-request, controlled successful registration after OTP, and password-reset confirmation; backend auth phone-password security 3/3 now drives real registration and password-login OTP handlers through a test-only Redis/Prisma adapter, verifies E.164, password hash, session/refresh cookie and replay rejection; backend OTP tests cover provider failure, cooldown and invalid/expired/exhausted code; no real SMS sent","real SMS transport and isolated PostgreSQL/Redis acceptance; resend/rate-limit and full keyboard/scroll/error matrix"
R12,"Back returns to safe useful page without loops or unsafe redirects","frontend navigation/auth","direct, internal, auth-loop, external referrer, locale and reload cases","unit + loopback browser","ЧАСТИЧНО","safe-navigation tests 18/18 including external, encoded traversal, auth-loop, locale mismatch, Google legacy redirect; controlled OTP Playwright desktop route preserves /ru/catalog?category=shoes&page=2; auth-navigation Playwright 4/4 desktop/mobile proves internal query survives login+reload and direct Uzbek auth ignores external returnTo/referrer and falls back to /uz; guest product purchase then OTP registration restores selected variant/quantity and performs exactly one cart POST in desktop/mobile Playwright 2/2","verify Google OAuth provider journey and reset/checkout-specific auth return flows; persist the cart against isolated backend"
R13,"Product wizard creates exactly once only after explicit final action","admin,backend product create","steps 1-6, back/next/cancel/double-click/timeout/retry each persist zero or one product as specified","local integration + browser","ЧАСТИЧНО","admin-routes-smoke Playwright desktop/mobile: Next/back preserve entered size and photo; cancel after partial entry produces zero marker-matched create requests; six-step final action first receives controlled 503 then retries with the same UUID Idempotency-Key, stores exactly one fixture product and preserves coverCrop payload; backend idempotency route tests cover replay and conflict; fixtures are cleaned","persisted PostgreSQL create/cancel/replay acceptance and timeout-after-commit ambiguity remain; deployment intentionally not performed"
R14,"Telegram group/channel publication is idempotent and records message IDs","admin,backend Telegram adapter","mock failures plus opt-in real send; retry never creates product again","local integration + authorized test Telegram","ЧАСТИЧНО","10/10 publication tests; 429 retry reused publication ID and stored message ID after attempt 2; unconfirmed delivery blocks retry","authorized real-resource test remains; no Telegram send was performed"
R15,"Every admin page has coherent responsive UI and real actions","admin","page-by-page desktop/tablet/mobile action matrix with roles","local browser","ЧАСТИЧНО","Fresh 25-route smoke passed at desktop 1440x900, tablet 768x1024 and mobile 390x844; SUPER_ADMIN fixture; sidebar E2E verifies dark contrast/collapse/resize/RU-UZ-EN/mobile drawer; integration diagnostics/drawer manually checked at 768x1024, 390x844, 360x800; deterministic empty-state E2E passes desktop/mobile; admin product create/cancel, promo create and import review actions passed against loopback fixture","remaining per-page actions, role variants and persisted backend workflows; fixture-backed tests do not prove persisted behavior"
R16,"Remaining storefront and analytics functions work on persisted data","frontend,backend","search/filter/sort/favorites/compare/cart/checkout/orders/profile/AI/support/analytics journeys","local integration + browser","ЧАСТИЧНО","controlled authenticated cart→checkout→order-success browser E2E passes desktop/mobile; double-click makes one request, controlled transient failure permits one retry with identical UUID idempotency key and payload; confirms variant, quantity, subtotal and canonical phone; backend checkout API suite 30/30; checkout lists item, variant, quantity and line total; fitting room rotation/layer add-remove totals pass desktop/mobile","persisted PostgreSQL/Redis browser journey and remaining full action manifest"
R17,"Imports flow SOURCE to normalization to AI to PENDING_REVIEW to human decision","parser,backend,admin","dedupe; approve/reject; audit; never auto-publish","local integration + browser","ЧАСТИЧНО","Parser 27/27 tests cover 1688 source DTO, bearer-authenticated backend client, timeout/error handling and dedupe contract; backend parser-import + commerce route tests 31/31 pass with test-only dummy env; desktop/mobile Chromium import UI scenario verifies source details, three localized titles, positive UZS price, explicit draft approval, reason-required rejection and status/reason updates using run-scoped in-memory data with loopback API interception","cross-service parser→real backend and admin→PostgreSQL journey, persisted product/audit checks, AI provider case and concurrency/IDOR acceptance remain"
R18,"Standard 3D mannequin supports bounded rotation, layers, variants and cart","frontend","drag/touch/buttons clamp to -60..+60; reset 0; layer replace/remove; cart persistence","local WebGL browser","ЧАСТИЧНО","fresh Chrome GLB rendered; buttons reached +60°/-60°; front reset 0°; mouse drag changed angle and clamped at both endpoints; mobile Chromium CDP touch rotated GLB and vertical gesture scrolled content without changing angle; new fresh production-preview Playwright 2/2 desktop/mobile verifies renderer/fallback readiness, rotate/reset when available, layer add/remove, exact total and close; 390x844 modal screenshot now shows head/feet clear of controls; procedural mesh indices cover the entire smoothed profile","authenticated cart, physical-device GPU/touch checks; flat fixture garment cannot prove production garment fit"
R19,"GLB upload/review is validated, private before approval and resilient","admin,backend,storage,frontend,security E2E","upload valid/invalid GLB; preview transforms; approve/reject; ACL; context loss/retry","loopback browser + backend tests","ЧАСТИЧНО","Playwright desktop/mobile: actual UI input multipart POST >100 bytes, BASE_TOP mapping, NEEDS_REVIEW then approve and visible APPROVED; rejected 400 GLB validation response appears as an accessible UI alert and does not add an asset (2/2); backend demotes an approved asset to NEEDS_REVIEW on metadata edits and audits atomically; Fastify upload route validates real multipart GLB, rejects malformed input before writes, skips DB on storage failure, deletes uploaded orphan after transaction failure; GLB validator + fitting-room suites 19/19","persistent database/storage integration with test services; real invalid bytes through UI to backend; persistent audit and public ACL; concurrent review/update integration"
R20,"Local GPU worker reconstructs and fits garments without external AI","backend,worker,queue,GPU","submit/cancel/retry/dead job; real photos produce reviewed GLB","local GPU environment","ЧАСТИЧНО","persisted queue schema and migration, authenticated idempotent submit/list/cancel/retry API, lease-based local worker contract, GLB validation and review-pending asset path; Chrome DevTools 320x568 product edit confirms no-photo guidance, no spurious worker error/request, and zero horizontal overflow","install and legally clear a suitable garment model/runtime on compatible hardware; run with persistent PostgreSQL and verify real photo-to-GLB output; full job UI path awaits a persistent backend-backed fixture"
R21,"Independent browser suite covers routes/forms/actions/responsive states","security tests + all apps","headed local and headless CI produce screenshots/traces/HTML/JUnit with no unexplained skips","local + CI","ЧАСТИЧНО","Explicit loopback full Playwright run: 28 passed, 12 expected viewport/fixture skips, 0 failed; new mobile-navigation.spec.ts passes 6/6 across desktop/mobile Chromium and six viewport sizes, with local-only guard and third-party traffic blocked","build manifest-driven full suite; authenticated persisted journeys, headed user-Chrome run, remaining routes/actions, security and CI evidence"
R22,"RBAC, IDOR, redirects, uploads, rate limits and server validation have positive/negative tests","backend,admin,frontend,security tests","real requests for allowed and denied identities and tampered IDs","isolated local + CI","ЧАСТИЧНО","fitting-room role tests verify SUPPORT 403 and MODERATOR access; public GLB route denies unavailable/unapproved assets; 2026-10-10 checkout now rejects carts above 50 distinct lines before inventory writes and prevents adding a new distinct line at the cap; checkout API suite 32/32 and AddToCart copy regression added","authenticated IDOR/full resource matrix, complete storefront regression after latest copy change, persisted PostgreSQL concurrency, and same-SHA security workflows remain"
R23,"All changes are integrated and pass release gates without production mutation","all five repositories","CODE -> BUILD -> UNIT/INTEGRATION -> SECURITY -> E2E -> STAGING -> SMOKE; production requires explicit approval","local + CI + staging","НЕ ПРОВЕРЕНО","initial branches/SHAs recorded in IMPLEMENTATION_QUEUE.md","complete code gates and prepare integration commits; no production deploy"
SALE-API,"Discount-only catalog filter covers results, count and pagination","backend GET /products","saleOnly=true returns only compareAtPriceUzs > salePriceUzs > 0 and count matches","local unit/integration","ВЫПОЛНЕНО","schema and repository predicate tests; 57/57 targeted tests; type-check and build passed","deployment intentionally not performed"
SALE-UI,"Sale shelf View all preserves the sale criterion","frontend home/catalog","click sale View all; URL and active filters show sale; reset clears it","local browser","ВЫПОЛНЕНО","fixture with 4 products returns exactly 2 valid discounts; Chrome checks at 1440x900, 768x1024 and 390x844; reset clears URL","360x800 and deployed acceptance remain in full UI matrix"
AUTH-PHONE,"All auth phone fields use protected +998 mask","frontend auth","type/paste/caret/delete scenarios across login/register/forgot","local browser","ВЫПОЛНЕНО","shared UzbekPhoneInput; canonical E.164 submission; unsupported international prefix rejects visibly without mutating the current value; valid +998 paste recovers; phone helper/component tests and Playwright desktop/mobile registration regression pass","deployment intentionally not performed"
PRODUCT-FINAL-SAVE,"Wizard step 4 to 5 never saves or publishes","admin,backend","DB unchanged until final explicit submit","local integration + browser","ВЫПОЛНЕНО","Chrome steps 1-5 createCount=0; final createCount=1 with UUID key; backend replay/conflict tests","deployment intentionally not performed"
TG-RETRY,"Telegram retry does not recreate a product or duplicate a successful send","admin,backend","timeout/429 retry reuses product and idempotency key","local integration","ЧАСТИЧНО","mock 429 then success reused one publication ID; attemptCount=2; message ID persisted; ambiguous delivery blocks retry","authorized real Telegram resource was not used"
FR-ROTATE,"Mannequin horizontal rotation clamps to -60..+60 and resets to 0","frontend fitting room","mouse/touch/buttons/inertia at both limits and reset","local WebGL browser","ЧАСТИЧНО","Chrome loopback GLB controls and drag clamped at exact ±60°; reset to 0°; Playwright guest fitting-room test passes on desktop+mobile and validates layer add/remove totals and fallback behavior","authenticated cart integration and physical-device GPU/touch verification"
FR-TOUCH-ROTATE,"Mobile horizontal touch rotates the rendered fitting-room model","frontend fitting room viewer","mobile Chromium touchStart/touchMove/touchEnd on the model canvas changes angle; front action resets to 0°","local mobile Chromium + loopback GLB fixture","ВЫПОЛНЕНО","AVERON_security_tests/e2e/ui-workflow.spec.ts mobile-chromium fitting-room test sends CDP touch input to the rendered local GLB canvas and observes non-zero then 0° rotation","physical-device touch/GPU verification"
FR-TOUCH-SCROLL,"Vertical touch scrolls fitting-room content without rotating the model","frontend fitting room viewer/dialog","vertical gesture over the canvas advances the dialog's inner scroll container and leaves model angle unchanged","local mobile Chromium + loopback GLB fixture","ВЫПОЛНЕНО","AVERON_security_tests/e2e/ui-workflow.spec.ts mobile-chromium fitting-room test confirms inner dialog scrollTop advances after a vertical CDP touch gesture while the rotation status remains 0°","physical-device touch/scroll verification"
FR-MANNEQUIN-FRAME,"Mobile fitting-room camera shows the complete mannequin without control overlap","frontend fitting-room viewer","at 390x844 the mannequin head and feet remain inside the viewer and clear the bottom rotation controls","Chrome DevTools responsive viewport + loopback GLB fixture","ВЫПОЛНЕНО локально","Chrome DevTools screenshot at 390x844 after camera target/framing adjustment shows full head-to-feet mannequin and unobstructed rotation controls","physical-device camera/GPU verification"
GLB-REVIEW,"Unapproved GLB is private and human approve/reject is audited","admin,backend","upload NEEDS_REVIEW; public denied; approve grants; reject remains denied","local integration + browser","ЧАСТИЧНО","browser fixture approve/reject and reason; API tests verify feature-off/public denial, SUPPORT 403, MODERATOR allow and transactional audit intent; editing approved metadata returns it to NEEDS_REVIEW and adds an audit event (5/5 fitting-room tests)","perform controlled upload; verify persistent storage, real DB audit and public ACL; concurrency and production ACL verification"
